event_id,name,type,location,start_time,end_time,date
1,Tech Talk,Fair,Seattle,18:00:00,22:00:00,2023-05-18
2,Science Fair,Launch,Austin,15:45:00,19:45:00,2024-02-10
3,Science Fair,Conference,Boston,17:45:00,21:45:00,2025-02-10
4,Science Fair,Launch,Boston,17:15:00,19:15:00,2025-05-17
5,Book Launch,Screening,Seattle,16:30:00,18:30:00,2025-01-16
6,Music Concert,Festival,Houston,14:00:00,18:00:00,2025-10-30
7,Food Festival,Launch,Austin,11:30:00,15:30:00,2025-06-02
8,Music Concert,Exhibition,Seattle,08:00:00,10:00:00,2024-12-04
9,Coding Workshop,Conference,Los Angeles,15:00:00,17:00:00,2023-11-30
10,Music Concert,Concert,Boston,17:00:00,20:00:00,2024-11-08
11,Music Concert,Festival,Seattle,09:30:00,13:30:00,2025-07-15
12,Tech Talk,Class,Los Angeles,11:15:00,15:15:00,2024-03-10
13,Film Screening,Workshop,Miami,18:45:00,19:45:00,2024-10-29
14,Science Fair,Concert,Houston,12:45:00,17:45:00,2024-11-03
15,Food Festival,Fair,Chicago,09:15:00,13:15:00,2024-07-20
16,Comedy Night,Screening,Houston,08:15:00,12:15:00,2023-11-20
17,Music Concert,Class,Chicago,13:45:00,15:45:00,2024-07-03
18,Science Fair,Conference,Denver,08:45:00,13:45:00,2024-05-04
19,Art Exhibition,Fair,Houston,11:15:00,16:15:00,2024-11-23
20,Science Fair,Festival,Denver,08:45:00,10:45:00,2025-09-29
21,Coding Workshop,Show,Boston,15:15:00,17:15:00,2024-08-24
22,Food Festival,Conference,Denver,15:30:00,16:30:00,2024-10-30
23,Coding Workshop,Show,Denver,08:00:00,10:00:00,2025-04-01
24,Food Festival,Show,Austin,13:30:00,18:30:00,2024-08-25
25,Science Fair,Exhibition,Los Angeles,10:00:00,15:00:00,2023-06-07
26,Yoga Class,Screening,Miami,15:00:00,17:00:00,2024-02-15
27,Coding Workshop,Screening,New York,08:15:00,10:15:00,2025-09-01
28,Film Screening,Concert,Los Angeles,14:30:00,18:30:00,2025-06-07
29,Music Concert,Conference,Austin,11:30:00,14:30:00,2023-09-14
30,Book Launch,Festival,Chicago,10:45:00,15:45:00,2023-08-23
31,Comedy Night,Exhibition,San Francisco,15:30:00,19:30:00,2025-08-18
32,Music Concert,Conference,Boston,09:30:00,14:30:00,2025-08-27
33,Tech Talk,Workshop,Seattle,18:45:00,19:45:00,2025-07-20
34,Yoga Class,Workshop,New York,11:00:00,14:00:00,2025-06-10
35,Science Fair,Class,Boston,15:15:00,17:15:00,2025-06-30
36,Book Launch,Exhibition,Seattle,09:15:00,13:15:00,2024-04-13
37,Book Launch,Fair,Chicago,08:15:00,13:15:00,2025-11-15
38,Book Launch,Exhibition,Seattle,13:00:00,15:00:00,2023-01-05
39,Tech Talk,Screening,San Francisco,08:15:00,13:15:00,2023-11-04
40,Yoga Class,Exhibition,Houston,16:30:00,17:30:00,2025-10-05
41,Book Launch,Launch,Boston,18:00:00,23:00:00,2025-02-17
42,Tech Talk,Screening,New York,09:30:00,14:30:00,2025-10-02
43,Art Exhibition,Workshop,Denver,12:45:00,17:45:00,2025-08-19
44,Art Exhibition,Workshop,Houston,15:30:00,20:30:00,2024-09-17
45,Coding Workshop,Concert,Seattle,14:15:00,18:15:00,2025-08-18
46,Coding Workshop,Exhibition,Boston,11:00:00,15:00:00,2023-12-25
47,Art Exhibition,Workshop,Denver,11:15:00,12:15:00,2025-08-21
48,Science Fair,Screening,Seattle,09:15:00,14:15:00,2023-05-13
49,Music Concert,Festival,San Francisco,16:45:00,19:45:00,2024-05-17
50,Food Festival,Fair,Chicago,14:30:00,18:30:00,2023-12-16
51,Art Exhibition,Exhibition,Chicago,12:45:00,14:45:00,2023-09-13
52,Art Exhibition,Fair,Houston,18:30:00,23:30:00,2024-01-22
53,Science Fair,Concert,Chicago,15:45:00,17:45:00,2024-03-16
54,Music Concert,Class,Miami,10:45:00,14:45:00,2025-01-19
55,Food Festival,Conference,Boston,14:00:00,19:00:00,2023-09-04
56,Food Festival,Screening,Seattle,15:45:00,20:45:00,2023-01-18
57,Film Screening,Show,San Francisco,08:15:00,09:15:00,2025-01-05
58,Coding Workshop,Show,Chicago,18:45:00,20:45:00,2024-07-10
59,Music Concert,Fair,Denver,16:15:00,17:15:00,2023-11-17
60,Yoga Class,Class,Chicago,16:00:00,17:00:00,2023-01-16
61,Music Concert,Screening,Miami,13:00:00,17:00:00,2023-10-08
62,Art Exhibition,Exhibition,New York,10:45:00,12:45:00,2025-06-24
63,Comedy Night,Fair,Houston,14:00:00,18:00:00,2023-03-01
64,Film Screening,Conference,Boston,14:00:00,16:00:00,2024-06-14
65,Tech Talk,Fair,Austin,14:15:00,17:15:00,2024-04-03
66,Tech Talk,Festival,Chicago,17:45:00,20:45:00,2024-02-01
67,Food Festival,Show,Chicago,18:45:00,19:45:00,2023-07-05
68,Science Fair,Screening,San Francisco,08:00:00,12:00:00,2024-07-25
69,Film Screening,Festival,Seattle,16:00:00,19:00:00,2024-06-29
70,Science Fair,Show,Los Angeles,13:15:00,16:15:00,2024-04-08
71,Art Exhibition,Festival,Austin,14:45:00,15:45:00,2024-09-08
72,Tech Talk,Concert,Seattle,16:30:00,21:30:00,2024-07-11
73,Comedy Night,Screening,Houston,14:00:00,18:00:00,2024-02-16
74,Tech Talk,Launch,Houston,12:30:00,16:30:00,2025-07-12
75,Film Screening,Screening,New York,08:15:00,12:15:00,2025-06-19
76,Coding Workshop,Fair,Denver,10:00:00,11:00:00,2024-09-27
77,Coding Workshop,Concert,Boston,10:15:00,13:15:00,2024-04-04
78,Art Exhibition,Conference,Chicago,18:00:00,23:00:00,2024-11-14
79,Music Concert,Screening,Seattle,10:15:00,14:15:00,2024-07-13
80,Music Concert,Screening,Chicago,16:30:00,19:30:00,2024-03-11
81,Art Exhibition,Class,Chicago,11:45:00,15:45:00,2024-06-20
82,Comedy Night,Exhibition,Houston,12:45:00,13:45:00,2025-01-11
83,Film Screening,Screening,Austin,14:15:00,19:15:00,2023-06-07
84,Science Fair,Conference,Houston,12:15:00,13:15:00,2025-12-25
85,Art Exhibition,Workshop,Houston,15:45:00,19:45:00,2023-09-25
86,Book Launch,Festival,San Francisco,14:30:00,19:30:00,2023-04-15
87,Film Screening,Launch,Houston,12:45:00,13:45:00,2025-01-24
88,Tech Talk,Conference,Houston,15:15:00,19:15:00,2024-12-25
89,Yoga Class,Concert,Houston,09:45:00,13:45:00,2025-01-19
90,Film Screening,Launch,Austin,09:45:00,10:45:00,2023-04-29
91,Yoga Class,Fair,New York,16:00:00,18:00:00,2023-02-19
92,Music Concert,Festival,New York,17:00:00,20:00:00,2024-05-25
93,Yoga Class,Concert,Chicago,10:45:00,14:45:00,2025-10-26
94,Yoga Class,Conference,Houston,13:15:00,16:15:00,2024-07-17
95,Science Fair,Festival,San Francisco,15:30:00,18:30:00,2024-05-31
96,Food Festival,Exhibition,San Francisco,10:30:00,12:30:00,2024-07-04
97,Art Exhibition,Launch,Austin,15:15:00,17:15:00,2023-09-09
98,Art Exhibition,Class,Houston,15:45:00,17:45:00,2023-05-23
99,Music Concert,Workshop,Denver,17:45:00,19:45:00,2025-11-10
100,Art Exhibition,Show,New York,10:15:00,11:15:00,2024-12-18
101,Coding Workshop,Exhibition,Miami,10:15:00,14:15:00,2023-07-02
102,Film Screening,Fair,Seattle,18:15:00,23:15:00,2025-10-27
103,Music Concert,Festival,Miami,14:45:00,19:45:00,2024-01-22
104,Tech Talk,Conference,Los Angeles,18:30:00,23:30:00,2025-10-18
105,Food Festival,Show,Miami,10:15:00,12:15:00,2025-05-06
106,Tech Talk,Launch,Los Angeles,10:15:00,15:15:00,2023-10-11
107,Film Screening,Screening,Austin,16:30:00,20:30:00,2024-11-24
108,Yoga Class,Festival,Houston,17:30:00,22:30:00,2024-12-16
109,Yoga Class,Fair,Boston,10:45:00,13:45:00,2023-10-21
110,Music Concert,Festival,Los Angeles,08:30:00,12:30:00,2025-09-05
111,Film Screening,Launch,New York,16:30:00,17:30:00,2024-09-14
112,Comedy Night,Exhibition,Boston,14:45:00,19:45:00,2025-03-10
113,Book Launch,Conference,Chicago,12:15:00,13:15:00,2025-10-03
114,Art Exhibition,Screening,Los Angeles,13:45:00,15:45:00,2023-08-22
115,Art Exhibition,Screening,Houston,11:15:00,14:15:00,2023-08-26
116,Art Exhibition,Conference,San Francisco,09:30:00,13:30:00,2023-07-31
117,Music Concert,Workshop,Miami,09:30:00,11:30:00,2024-02-13
118,Music Concert,Conference,Boston,15:15:00,16:15:00,2025-04-17
119,Coding Workshop,Concert,Houston,10:30:00,13:30:00,2023-09-26
120,Comedy Night,Screening,Denver,08:15:00,12:15:00,2025-12-17
121,Coding Workshop,Conference,Chicago,15:45:00,19:45:00,2024-03-14
122,Coding Workshop,Festival,Seattle,10:00:00,15:00:00,2025-09-21
123,Film Screening,Screening,Houston,16:00:00,21:00:00,2024-01-09
124,Food Festival,Workshop,San Francisco,08:15:00,13:15:00,2023-09-29
125,Science Fair,Screening,New York,18:00:00,22:00:00,2024-03-14
126,Art Exhibition,Launch,Seattle,18:45:00,20:45:00,2023-12-30
127,Film Screening,Festival,Houston,16:15:00,20:15:00,2025-12-25
128,Coding Workshop,Festival,Los Angeles,08:15:00,12:15:00,2025-08-29
129,Art Exhibition,Launch,Chicago,10:00:00,15:00:00,2025-12-30
130,Film Screening,Launch,Austin,09:45:00,14:45:00,2023-03-10
131,Comedy Night,Show,New York,15:15:00,20:15:00,2023-09-05
132,Food Festival,Exhibition,Miami,13:45:00,18:45:00,2023-01-04
133,Food Festival,Festival,Los Angeles,13:45:00,18:45:00,2024-01-15
134,Book Launch,Exhibition,Austin,15:30:00,17:30:00,2025-05-21
135,Yoga Class,Screening,San Francisco,13:30:00,18:30:00,2023-06-26
136,Book Launch,Launch,New York,16:00:00,18:00:00,2025-10-07
137,Tech Talk,Concert,Seattle,17:00:00,18:00:00,2023-05-20
138,Tech Talk,Exhibition,Houston,10:00:00,13:00:00,2025-12-23
139,Coding Workshop,Fair,New York,11:00:00,15:00:00,2025-06-29
140,Science Fair,Concert,Seattle,16:00:00,20:00:00,2025-01-27
141,Yoga Class,Fair,Houston,18:30:00,19:30:00,2023-01-27
142,Music Concert,Conference,Los Angeles,08:15:00,11:15:00,2024-05-29
143,Tech Talk,Fair,Austin,18:45:00,22:45:00,2024-06-17
144,Book Launch,Workshop,Boston,13:30:00,14:30:00,2024-11-12
145,Science Fair,Screening,Los Angeles,13:45:00,17:45:00,2023-02-26
146,Film Screening,Concert,Seattle,13:00:00,16:00:00,2023-04-10
147,Book Launch,Show,Chicago,10:00:00,14:00:00,2024-12-03
148,Book Launch,Launch,Austin,16:45:00,21:45:00,2023-03-21
149,Science Fair,Workshop,Denver,18:30:00,20:30:00,2025-02-12
150,Science Fair,Class,San Francisco,10:15:00,15:15:00,2025-12-14
151,Tech Talk,Screening,Los Angeles,16:45:00,18:45:00,2025-07-12
152,Science Fair,Screening,New York,11:00:00,13:00:00,2025-07-18
153,Film Screening,Class,Austin,10:45:00,14:45:00,2023-12-10
154,Tech Talk,Exhibition,New York,14:15:00,16:15:00,2025-05-22
155,Music Concert,Festival,Denver,11:30:00,13:30:00,2025-07-27
156,Tech Talk,Concert,Miami,18:30:00,19:30:00,2025-09-24
157,Book Launch,Exhibition,Austin,16:30:00,18:30:00,2023-02-28
158,Tech Talk,Festival,Seattle,08:00:00,10:00:00,2024-10-21
159,Music Concert,Festival,Miami,16:30:00,18:30:00,2025-02-21
160,Tech Talk,Concert,Seattle,14:00:00,17:00:00,2024-04-02
161,Science Fair,Screening,Houston,18:00:00,22:00:00,2023-08-23
162,Art Exhibition,Show,Los Angeles,08:00:00,12:00:00,2025-10-08
163,Art Exhibition,Workshop,Houston,12:15:00,15:15:00,2023-11-16
164,Film Screening,Concert,Denver,12:30:00,15:30:00,2025-04-17
165,Music Concert,Concert,Boston,16:30:00,18:30:00,2024-10-20
166,Music Concert,Concert,Austin,14:00:00,18:00:00,2023-06-14
167,Comedy Night,Exhibition,Miami,15:15:00,20:15:00,2024-03-12
168,Food Festival,Class,Miami,18:15:00,19:15:00,2024-12-20
169,Coding Workshop,Launch,Austin,09:00:00,14:00:00,2023-04-19
170,Tech Talk,Conference,Chicago,11:45:00,14:45:00,2024-11-23
171,Science Fair,Launch,Seattle,10:45:00,12:45:00,2024-03-31
172,Art Exhibition,Concert,New York,10:30:00,12:30:00,2024-07-07
173,Book Launch,Show,Houston,11:00:00,12:00:00,2024-07-06
174,Book Launch,Festival,Austin,12:45:00,15:45:00,2024-10-16
175,Food Festival,Workshop,Boston,13:30:00,16:30:00,2024-01-03
176,Film Screening,Screening,Houston,18:00:00,23:00:00,2025-05-19
177,Yoga Class,Exhibition,San Francisco,16:00:00,17:00:00,2025-12-26
178,Music Concert,Screening,Chicago,14:45:00,16:45:00,2024-09-06
179,Music Concert,Concert,Los Angeles,15:00:00,19:00:00,2025-07-23
180,Music Concert,Conference,Austin,09:15:00,11:15:00,2024-10-31
181,Film Screening,Screening,Austin,17:45:00,18:45:00,2023-05-12
182,Book Launch,Screening,Austin,18:15:00,19:15:00,2025-01-08
183,Art Exhibition,Screening,New York,08:45:00,09:45:00,2023-07-05
184,Comedy Night,Screening,Boston,09:30:00,12:30:00,2023-05-15
185,Art Exhibition,Concert,Austin,12:45:00,17:45:00,2024-07-01
186,Film Screening,Class,Chicago,09:45:00,12:45:00,2023-08-09
187,Food Festival,Exhibition,Miami,11:30:00,14:30:00,2023-06-22
188,Film Screening,Fair,Austin,09:15:00,10:15:00,2024-01-04
189,Music Concert,Conference,Denver,17:45:00,19:45:00,2024-04-25
190,Food Festival,Show,Los Angeles,09:15:00,11:15:00,2023-08-23
191,Tech Talk,Workshop,Seattle,13:30:00,16:30:00,2023-01-09
192,Tech Talk,Launch,New York,15:15:00,17:15:00,2024-09-20
193,Coding Workshop,Launch,Austin,08:45:00,11:45:00,2024-02-11
194,Food Festival,Class,New York,12:15:00,13:15:00,2025-03-10
195,Music Concert,Workshop,Los Angeles,18:15:00,20:15:00,2025-05-04
196,Film Screening,Workshop,Chicago,10:15:00,15:15:00,2024-12-17
197,Film Screening,Conference,Austin,15:00:00,17:00:00,2025-09-13
198,Book Launch,Conference,Denver,12:15:00,13:15:00,2025-10-07
199,Coding Workshop,Workshop,San Francisco,18:45:00,23:45:00,2023-04-14
200,Book Launch,Launch,Seattle,08:30:00,11:30:00,2025-05-24
201,Art Exhibition,Fair,Seattle,12:30:00,17:30:00,2023-09-06
202,Food Festival,Class,Miami,11:00:00,15:00:00,2025-05-23
203,Comedy Night,Class,San Francisco,13:30:00,14:30:00,2025-05-09
204,Tech Talk,Fair,Houston,15:00:00,16:00:00,2025-11-23
205,Coding Workshop,Screening,Miami,14:45:00,18:45:00,2024-04-16
206,Film Screening,Concert,Denver,11:15:00,16:15:00,2025-01-16
207,Book Launch,Class,Miami,16:30:00,19:30:00,2024-04-02
208,Music Concert,Class,Denver,12:30:00,13:30:00,2024-06-01
209,Film Screening,Concert,New York,18:45:00,19:45:00,2024-09-15
210,Music Concert,Show,Miami,09:45:00,12:45:00,2025-03-07
211,Yoga Class,Show,Seattle,08:30:00,12:30:00,2023-02-11
212,Film Screening,Festival,Miami,10:30:00,14:30:00,2023-12-31
213,Music Concert,Festival,San Francisco,17:30:00,20:30:00,2023-08-22
214,Book Launch,Conference,Los Angeles,17:15:00,21:15:00,2025-11-30
215,Tech Talk,Exhibition,New York,18:30:00,22:30:00,2024-12-03
216,Science Fair,Class,Austin,09:30:00,12:30:00,2025-02-21
217,Tech Talk,Festival,Houston,14:45:00,19:45:00,2025-04-02
218,Science Fair,Festival,Boston,12:45:00,14:45:00,2025-09-05
219,Coding Workshop,Concert,Chicago,12:45:00,13:45:00,2024-11-07
220,Comedy Night,Festival,Los Angeles,17:45:00,21:45:00,2024-08-01
221,Music Concert,Screening,Miami,14:30:00,16:30:00,2023-02-10
222,Yoga Class,Festival,Miami,11:30:00,12:30:00,2025-03-23
223,Yoga Class,Launch,Los Angeles,18:30:00,22:30:00,2023-08-19
224,Coding Workshop,Show,Los Angeles,15:45:00,17:45:00,2023-04-03
225,Tech Talk,Launch,San Francisco,13:30:00,16:30:00,2024-02-07
226,Music Concert,Show,Seattle,12:00:00,14:00:00,2024-06-18
227,Tech Talk,Class,Miami,09:15:00,10:15:00,2023-09-22
228,Comedy Night,Class,Los Angeles,17:30:00,20:30:00,2023-10-08
229,Comedy Night,Screening,Austin,11:45:00,15:45:00,2025-06-24
230,Book Launch,Screening,Denver,17:15:00,22:15:00,2023-06-12
231,Yoga Class,Fair,Chicago,17:00:00,18:00:00,2024-11-23
232,Food Festival,Workshop,Denver,12:45:00,17:45:00,2025-10-14
233,Tech Talk,Class,Austin,09:30:00,13:30:00,2024-05-13
234,Food Festival,Show,Los Angeles,12:00:00,15:00:00,2024-05-20
235,Music Concert,Class,San Francisco,09:00:00,11:00:00,2023-09-04
236,Book Launch,Workshop,Houston,09:15:00,12:15:00,2025-01-14
237,Music Concert,Class,New York,15:00:00,19:00:00,2025-08-31
238,Film Screening,Fair,Denver,17:45:00,18:45:00,2023-08-26
239,Film Screening,Workshop,Denver,16:45:00,18:45:00,2024-11-02
240,Film Screening,Class,Miami,11:15:00,15:15:00,2024-07-26
241,Film Screening,Class,Denver,13:15:00,18:15:00,2023-10-24
242,Art Exhibition,Workshop,Houston,08:30:00,13:30:00,2025-01-22
243,Science Fair,Exhibition,Boston,14:00:00,17:00:00,2025-01-30
244,Coding Workshop,Screening,Chicago,09:30:00,11:30:00,2023-08-31
245,Music Concert,Conference,San Francisco,18:30:00,19:30:00,2024-09-14
246,Book Launch,Screening,Los Angeles,18:30:00,20:30:00,2025-10-27
247,Music Concert,Screening,San Francisco,16:45:00,20:45:00,2025-06-20
248,Art Exhibition,Class,Denver,12:45:00,16:45:00,2023-07-15
249,Tech Talk,Launch,Miami,10:15:00,14:15:00,2024-11-19
250,Comedy Night,Fair,Boston,10:00:00,14:00:00,2024-04-29
251,Comedy Night,Show,New York,12:00:00,17:00:00,2025-02-21
252,Film Screening,Class,San Francisco,13:15:00,18:15:00,2023-09-13
253,Food Festival,Fair,Houston,14:15:00,15:15:00,2025-12-22
254,Food Festival,Concert,San Francisco,10:30:00,15:30:00,2024-02-07
255,Music Concert,Workshop,Seattle,16:00:00,19:00:00,2023-06-29
256,Music Concert,Fair,Chicago,09:30:00,14:30:00,2025-03-17
257,Music Concert,Workshop,Denver,10:15:00,12:15:00,2024-08-14
258,Tech Talk,Launch,Denver,10:45:00,11:45:00,2024-08-14
259,Film Screening,Concert,San Francisco,12:15:00,13:15:00,2023-03-31
260,Music Concert,Conference,Seattle,17:15:00,19:15:00,2023-01-28
261,Music Concert,Launch,San Francisco,14:45:00,17:45:00,2024-04-13
262,Comedy Night,Workshop,Boston,08:00:00,10:00:00,2023-04-28
263,Book Launch,Festival,Austin,15:15:00,19:15:00,2023-09-12
264,Yoga Class,Launch,Seattle,09:15:00,13:15:00,2024-12-21
265,Art Exhibition,Concert,Los Angeles,12:30:00,17:30:00,2025-03-29
266,Book Launch,Show,Boston,11:00:00,15:00:00,2025-01-23
267,Comedy Night,Festival,Los Angeles,09:45:00,14:45:00,2024-08-27
268,Yoga Class,Festival,Denver,15:15:00,19:15:00,2023-10-24
269,Art Exhibition,Concert,San Francisco,12:00:00,14:00:00,2023-03-06
270,Coding Workshop,Workshop,New York,14:45:00,17:45:00,2024-03-21
271,Yoga Class,Concert,New York,13:00:00,17:00:00,2023-04-26
272,Food Festival,Screening,Denver,18:30:00,23:30:00,2023-05-16
273,Food Festival,Screening,Chicago,11:15:00,13:15:00,2023-05-23
274,Music Concert,Conference,Los Angeles,15:00:00,17:00:00,2024-04-18
275,Book Launch,Workshop,Los Angeles,12:00:00,14:00:00,2024-05-10
276,Tech Talk,Conference,San Francisco,11:15:00,14:15:00,2024-01-11
277,Food Festival,Fair,Los Angeles,09:15:00,11:15:00,2025-06-04
278,Book Launch,Exhibition,Boston,18:30:00,22:30:00,2023-12-09
279,Science Fair,Show,Los Angeles,10:45:00,12:45:00,2024-07-22
280,Yoga Class,Conference,Chicago,13:15:00,18:15:00,2025-09-24
281,Tech Talk,Conference,Los Angeles,12:00:00,14:00:00,2025-06-25
282,Music Concert,Class,Austin,18:45:00,21:45:00,2024-10-26
283,Tech Talk,Festival,San Francisco,12:30:00,13:30:00,2024-07-27
284,Film Screening,Screening,Houston,10:30:00,12:30:00,2024-10-04
285,Tech Talk,Launch,San Francisco,16:30:00,20:30:00,2024-07-04
286,Music Concert,Launch,New York,10:15:00,11:15:00,2025-05-10
287,Food Festival,Fair,Chicago,09:45:00,12:45:00,2023-02-11
288,Coding Workshop,Festival,San Francisco,08:30:00,13:30:00,2023-08-08
289,Music Concert,Concert,Los Angeles,17:30:00,21:30:00,2023-07-02
290,Science Fair,Conference,Miami,12:15:00,16:15:00,2024-07-23
291,Art Exhibition,Launch,New York,15:00:00,20:00:00,2023-05-13
292,Science Fair,Show,Miami,11:00:00,16:00:00,2024-01-13
293,Food Festival,Workshop,Austin,11:15:00,14:15:00,2024-02-16
294,Comedy Night,Launch,Houston,11:45:00,13:45:00,2023-03-10
295,Coding Workshop,Festival,New York,08:15:00,10:15:00,2025-12-24
296,Tech Talk,Fair,Denver,13:00:00,16:00:00,2025-03-19
297,Music Concert,Fair,San Francisco,10:45:00,13:45:00,2023-07-01
298,Art Exhibition,Class,Denver,15:30:00,18:30:00,2023-04-09
299,Food Festival,Fair,Chicago,18:45:00,19:45:00,2023-09-29
300,Book Launch,Concert,Boston,09:30:00,10:30:00,2023-05-25
301,Coding Workshop,Festival,New York,08:45:00,13:45:00,2023-01-20
302,Yoga Class,Concert,Chicago,18:30:00,19:30:00,2025-06-07
303,Tech Talk,Concert,Seattle,08:15:00,11:15:00,2023-03-28
304,Food Festival,Launch,Seattle,17:45:00,22:45:00,2024-03-28
305,Yoga Class,Festival,Miami,08:00:00,11:00:00,2025-11-02
306,Book Launch,Show,San Francisco,10:00:00,13:00:00,2024-01-24
307,Music Concert,Exhibition,Boston,13:30:00,18:30:00,2025-12-07
308,Coding Workshop,Screening,Chicago,11:15:00,16:15:00,2025-11-21
309,Science Fair,Fair,Houston,10:45:00,15:45:00,2023-05-30
310,Comedy Night,Class,Los Angeles,08:30:00,13:30:00,2023-10-06
311,Tech Talk,Screening,Miami,16:15:00,18:15:00,2024-02-19
312,Tech Talk,Concert,Boston,08:15:00,13:15:00,2023-03-20
313,Yoga Class,Conference,Austin,14:45:00,15:45:00,2024-12-11
314,Science Fair,Concert,San Francisco,10:15:00,14:15:00,2024-12-16
315,Tech Talk,Launch,Denver,12:30:00,13:30:00,2024-11-17
316,Art Exhibition,Concert,Denver,14:15:00,15:15:00,2025-02-13
317,Film Screening,Screening,Seattle,14:00:00,16:00:00,2025-02-07
318,Film Screening,Workshop,New York,09:15:00,11:15:00,2024-08-18
319,Comedy Night,Launch,Denver,16:45:00,17:45:00,2024-01-30
320,Food Festival,Conference,Boston,09:45:00,12:45:00,2023-01-31
321,Music Concert,Exhibition,Denver,13:00:00,14:00:00,2024-11-22
322,Coding Workshop,Launch,New York,09:30:00,12:30:00,2024-05-04
323,Art Exhibition,Concert,Los Angeles,16:15:00,21:15:00,2025-05-17
324,Book Launch,Exhibition,New York,08:15:00,09:15:00,2025-03-31
325,Yoga Class,Launch,Denver,14:00:00,17:00:00,2025-01-25
326,Tech Talk,Show,San Francisco,17:30:00,18:30:00,2025-03-16
327,Tech Talk,Fair,Chicago,18:00:00,22:00:00,2025-12-17
328,Music Concert,Concert,Chicago,17:30:00,20:30:00,2025-12-12
329,Music Concert,Workshop,New York,17:15:00,18:15:00,2024-09-06
330,Yoga Class,Screening,Chicago,11:00:00,13:00:00,2025-04-26
331,Food Festival,Concert,Austin,09:30:00,12:30:00,2025-11-07
332,Yoga Class,Show,Seattle,16:30:00,21:30:00,2024-05-04
333,Book Launch,Exhibition,Boston,10:15:00,15:15:00,2025-03-29
334,Film Screening,Workshop,Denver,15:45:00,18:45:00,2023-01-28
335,Book Launch,Class,Houston,17:15:00,19:15:00,2024-01-19
336,Coding Workshop,Fair,Seattle,11:30:00,14:30:00,2024-06-23
337,Yoga Class,Festival,Houston,18:30:00,23:30:00,2023-05-13
338,Science Fair,Fair,San Francisco,10:00:00,13:00:00,2023-01-14
339,Comedy Night,Launch,Seattle,18:00:00,22:00:00,2024-04-10
340,Art Exhibition,Conference,Austin,11:45:00,12:45:00,2025-03-27
341,Film Screening,Fair,Boston,13:00:00,16:00:00,2024-10-01
342,Comedy Night,Launch,Los Angeles,16:15:00,21:15:00,2025-11-12
343,Film Screening,Concert,Chicago,09:15:00,12:15:00,2023-05-07
344,Music Concert,Show,Houston,12:45:00,14:45:00,2023-07-22
345,Comedy Night,Screening,New York,12:00:00,17:00:00,2025-02-21
346,Coding Workshop,Show,Miami,16:30:00,18:30:00,2023-11-07
347,Yoga Class,Exhibition,Austin,09:15:00,12:15:00,2025-08-25
348,Yoga Class,Screening,Miami,15:15:00,20:15:00,2024-12-18
349,Yoga Class,Class,Boston,16:45:00,19:45:00,2024-07-20
350,Coding Workshop,Show,Boston,12:15:00,14:15:00,2023-12-14
351,Art Exhibition,Exhibition,Denver,13:00:00,18:00:00,2025-06-06
352,Food Festival,Screening,New York,18:15:00,20:15:00,2024-10-13
353,Film Screening,Conference,Los Angeles,09:45:00,12:45:00,2023-08-05
354,Coding Workshop,Launch,Austin,09:45:00,12:45:00,2025-04-10
355,Food Festival,Screening,Boston,10:30:00,14:30:00,2025-11-14
356,Book Launch,Workshop,Seattle,10:45:00,12:45:00,2023-02-24
357,Film Screening,Workshop,Austin,18:45:00,23:45:00,2024-03-30
358,Book Launch,Fair,Los Angeles,08:45:00,12:45:00,2025-02-17
359,Comedy Night,Show,Seattle,14:00:00,15:00:00,2024-06-22
360,Comedy Night,Festival,Denver,08:00:00,10:00:00,2023-02-17
361,Art Exhibition,Festival,New York,18:30:00,22:30:00,2023-01-26
362,Art Exhibition,Fair,Los Angeles,10:45:00,11:45:00,2023-08-10
363,Art Exhibition,Show,Los Angeles,08:15:00,11:15:00,2023-07-18
364,Book Launch,Launch,Houston,18:45:00,21:45:00,2024-08-29
365,Book Launch,Conference,Denver,17:30:00,22:30:00,2024-08-18
366,Film Screening,Festival,Miami,18:45:00,23:45:00,2023-11-06
367,Food Festival,Exhibition,New York,16:00:00,19:00:00,2023-01-26
368,Film Screening,Launch,Boston,18:15:00,23:15:00,2025-12-20
369,Yoga Class,Fair,Miami,14:30:00,18:30:00,2023-04-27
370,Book Launch,Concert,Austin,09:15:00,12:15:00,2025-08-27
371,Tech Talk,Launch,Boston,09:15:00,12:15:00,2024-01-18
372,Book Launch,Concert,Austin,18:30:00,23:30:00,2023-02-27
373,Yoga Class,Launch,San Francisco,12:45:00,15:45:00,2024-11-22
374,Science Fair,Fair,Seattle,15:30:00,18:30:00,2025-03-11
375,Food Festival,Class,Chicago,08:45:00,09:45:00,2023-01-31
376,Comedy Night,Show,Austin,16:15:00,17:15:00,2023-09-29
377,Tech Talk,Conference,Houston,10:15:00,11:15:00,2024-08-14
378,Music Concert,Fair,Chicago,08:30:00,09:30:00,2024-09-29
379,Comedy Night,Festival,Houston,10:30:00,15:30:00,2023-08-22
380,Coding Workshop,Launch,Boston,13:45:00,15:45:00,2025-12-18
381,Tech Talk,Fair,San Francisco,09:30:00,13:30:00,2024-06-27
382,Yoga Class,Fair,Los Angeles,17:30:00,18:30:00,2023-06-18
383,Food Festival,Festival,Seattle,10:30:00,12:30:00,2025-01-20
384,Yoga Class,Festival,New York,15:45:00,19:45:00,2024-04-21
385,Science Fair,Show,New York,14:15:00,17:15:00,2023-04-05
386,Music Concert,Conference,Houston,18:15:00,23:15:00,2025-09-20
387,Book Launch,Class,Boston,10:45:00,13:45:00,2024-09-12
388,Yoga Class,Screening,Denver,18:15:00,23:15:00,2025-01-04
389,Film Screening,Screening,San Francisco,11:45:00,13:45:00,2023-12-22
390,Book Launch,Festival,San Francisco,18:00:00,21:00:00,2023-02-20
391,Book Launch,Launch,Boston,08:00:00,11:00:00,2025-10-17
392,Coding Workshop,Fair,Houston,17:00:00,18:00:00,2024-11-13
393,Coding Workshop,Workshop,Miami,11:45:00,14:45:00,2024-06-17
394,Food Festival,Screening,New York,15:15:00,16:15:00,2025-07-17
395,Tech Talk,Workshop,Denver,08:15:00,10:15:00,2023-04-27
396,Food Festival,Conference,Boston,08:30:00,11:30:00,2025-02-03
397,Comedy Night,Festival,Seattle,16:45:00,19:45:00,2025-04-28
398,Coding Workshop,Concert,New York,14:15:00,15:15:00,2025-11-20
399,Music Concert,Workshop,Miami,18:00:00,21:00:00,2024-01-05
400,Food Festival,Festival,Austin,14:15:00,17:15:00,2024-05-02
401,Food Festival,Fair,Chicago,14:45:00,16:45:00,2024-03-03
402,Comedy Night,Conference,Chicago,16:30:00,19:30:00,2024-12-05
403,Art Exhibition,Exhibition,Miami,08:00:00,13:00:00,2024-08-07
404,Yoga Class,Launch,Miami,11:30:00,13:30:00,2023-05-01
405,Film Screening,Launch,San Francisco,10:30:00,15:30:00,2023-08-31
406,Music Concert,Show,Boston,10:00:00,14:00:00,2025-06-12
407,Comedy Night,Class,San Francisco,15:00:00,19:00:00,2024-06-04
408,Science Fair,Festival,Los Angeles,16:15:00,18:15:00,2024-07-01
409,Science Fair,Conference,Denver,15:15:00,20:15:00,2023-11-12
410,Book Launch,Launch,Denver,11:00:00,14:00:00,2023-11-07
411,Science Fair,Class,Denver,11:45:00,15:45:00,2024-03-11
412,Science Fair,Screening,Boston,08:00:00,13:00:00,2024-02-14
413,Music Concert,Show,New York,13:45:00,18:45:00,2023-07-01
414,Yoga Class,Show,New York,10:00:00,15:00:00,2024-12-12
415,Tech Talk,Fair,Miami,12:45:00,15:45:00,2023-08-09
416,Film Screening,Conference,Los Angeles,10:30:00,13:30:00,2023-03-15
417,Coding Workshop,Screening,Los Angeles,18:00:00,21:00:00,2024-01-06
418,Art Exhibition,Screening,Boston,11:00:00,12:00:00,2025-04-29
419,Coding Workshop,Show,Miami,09:00:00,13:00:00,2023-04-21
420,Book Launch,Class,Boston,18:30:00,23:30:00,2024-09-18
421,Yoga Class,Class,Houston,13:30:00,16:30:00,2024-05-16
422,Food Festival,Launch,Los Angeles,15:30:00,17:30:00,2023-04-06
423,Book Launch,Festival,Seattle,17:00:00,18:00:00,2024-01-11
424,Coding Workshop,Conference,Miami,13:00:00,17:00:00,2025-03-15
425,Book Launch,Screening,Houston,14:45:00,17:45:00,2024-10-17
426,Food Festival,Concert,San Francisco,13:00:00,16:00:00,2023-07-15
427,Comedy Night,Conference,Houston,14:30:00,19:30:00,2023-11-12
428,Art Exhibition,Festival,Los Angeles,09:00:00,11:00:00,2025-02-09
429,Tech Talk,Workshop,Miami,15:15:00,18:15:00,2023-06-23
430,Comedy Night,Concert,Denver,08:45:00,11:45:00,2025-10-17
431,Film Screening,Conference,Houston,09:15:00,11:15:00,2023-05-04
432,Tech Talk,Concert,New York,17:45:00,21:45:00,2024-01-12
433,Comedy Night,Screening,Houston,18:15:00,19:15:00,2025-06-09
434,Tech Talk,Festival,Los Angeles,14:45:00,15:45:00,2024-01-16
435,Yoga Class,Class,Seattle,09:30:00,10:30:00,2025-06-26
436,Film Screening,Fair,Houston,15:00:00,19:00:00,2024-07-01
437,Comedy Night,Festival,Houston,18:15:00,23:15:00,2024-06-05
438,Film Screening,Conference,Chicago,12:45:00,16:45:00,2024-12-03
439,Art Exhibition,Exhibition,Denver,09:15:00,12:15:00,2025-02-20
440,Comedy Night,Conference,Chicago,15:00:00,17:00:00,2025-09-22
441,Film Screening,Class,Seattle,16:45:00,21:45:00,2023-05-14
442,Coding Workshop,Launch,Houston,18:00:00,20:00:00,2023-02-19
443,Food Festival,Concert,Los Angeles,14:45:00,17:45:00,2023-08-19
444,Music Concert,Workshop,Seattle,14:30:00,17:30:00,2023-07-10
445,Yoga Class,Fair,Seattle,12:00:00,17:00:00,2023-12-03
446,Yoga Class,Exhibition,Los Angeles,10:30:00,13:30:00,2024-05-29
447,Science Fair,Screening,Austin,17:45:00,19:45:00,2024-05-17
448,Food Festival,Class,Los Angeles,15:00:00,20:00:00,2023-10-07
449,Science Fair,Workshop,New York,10:30:00,12:30:00,2023-07-16
450,Music Concert,Fair,Los Angeles,14:00:00,16:00:00,2023-06-30
451,Yoga Class,Exhibition,Boston,15:00:00,20:00:00,2025-09-20
452,Coding Workshop,Concert,Austin,12:15:00,15:15:00,2025-01-24
453,Film Screening,Fair,San Francisco,16:30:00,18:30:00,2023-09-05
454,Art Exhibition,Launch,New York,10:15:00,15:15:00,2024-07-19
455,Tech Talk,Exhibition,New York,13:45:00,15:45:00,2024-09-06
456,Art Exhibition,Class,Seattle,13:15:00,17:15:00,2024-12-31
457,Music Concert,Class,San Francisco,10:30:00,14:30:00,2023-11-23
458,Science Fair,Exhibition,Houston,08:45:00,09:45:00,2025-09-18
459,Comedy Night,Concert,Denver,09:30:00,14:30:00,2025-01-31
460,Comedy Night,Exhibition,Los Angeles,12:00:00,17:00:00,2025-10-24
461,Art Exhibition,Screening,Denver,17:15:00,21:15:00,2025-02-01
462,Tech Talk,Festival,Chicago,08:30:00,11:30:00,2023-11-24
463,Art Exhibition,Concert,New York,09:45:00,14:45:00,2023-05-15
464,Tech Talk,Fair,Austin,09:45:00,10:45:00,2024-04-19
465,Science Fair,Concert,Austin,13:00:00,15:00:00,2023-11-19
466,Tech Talk,Class,Seattle,17:00:00,21:00:00,2023-07-27
467,Science Fair,Workshop,Miami,14:45:00,15:45:00,2024-03-23
468,Book Launch,Festival,San Francisco,12:15:00,15:15:00,2023-04-17
469,Tech Talk,Exhibition,Houston,13:30:00,18:30:00,2024-12-01
470,Food Festival,Festival,Los Angeles,18:00:00,21:00:00,2024-11-06
471,Food Festival,Workshop,Denver,11:30:00,15:30:00,2024-07-28
472,Art Exhibition,Fair,Austin,08:00:00,12:00:00,2023-12-25
473,Comedy Night,Show,Boston,11:00:00,15:00:00,2024-05-01
474,Comedy Night,Conference,Boston,12:45:00,13:45:00,2025-06-04
475,Music Concert,Concert,Miami,08:15:00,10:15:00,2023-01-22
476,Yoga Class,Screening,Boston,09:30:00,14:30:00,2025-02-22
477,Food Festival,Exhibition,Chicago,12:15:00,14:15:00,2025-12-02
478,Art Exhibition,Fair,San Francisco,10:00:00,14:00:00,2023-06-19
479,Yoga Class,Festival,San Francisco,17:45:00,19:45:00,2023-09-11
480,Food Festival,Conference,San Francisco,15:00:00,20:00:00,2023-01-12
481,Film Screening,Launch,Miami,11:45:00,12:45:00,2024-12-24
482,Art Exhibition,Workshop,Miami,12:45:00,16:45:00,2025-09-03
483,Book Launch,Class,Los Angeles,18:30:00,22:30:00,2023-04-16
484,Comedy Night,Exhibition,San Francisco,14:45:00,17:45:00,2023-09-06
485,Comedy Night,Screening,Denver,13:45:00,17:45:00,2025-10-04
486,Food Festival,Conference,Denver,10:15:00,15:15:00,2023-03-24
487,Coding Workshop,Conference,Boston,12:30:00,15:30:00,2023-08-24
488,Food Festival,Fair,Miami,15:15:00,18:15:00,2025-09-02
489,Yoga Class,Concert,Boston,13:15:00,14:15:00,2024-08-26
490,Art Exhibition,Launch,Boston,15:15:00,17:15:00,2025-02-25
491,Coding Workshop,Workshop,Los Angeles,11:30:00,12:30:00,2025-06-28
492,Yoga Class,Launch,Los Angeles,18:30:00,23:30:00,2024-08-24
493,Science Fair,Workshop,Denver,08:45:00,11:45:00,2024-02-27
494,Coding Workshop,Launch,Denver,08:15:00,12:15:00,2025-06-19
495,Science Fair,Exhibition,Houston,17:15:00,19:15:00,2023-05-17
496,Tech Talk,Launch,Austin,08:45:00,12:45:00,2025-06-17
497,Book Launch,Class,Los Angeles,17:00:00,21:00:00,2024-10-18
498,Film Screening,Launch,New York,09:30:00,10:30:00,2023-09-24
499,Art Exhibition,Class,Denver,17:00:00,20:00:00,2025-11-26
500,Music Concert,Fair,Los Angeles,08:00:00,12:00:00,2024-03-14
501,Book Launch,Workshop,Chicago,11:00:00,13:00:00,2023-12-02
502,Yoga Class,Festival,Chicago,12:00:00,14:00:00,2025-02-14
503,Food Festival,Conference,New York,11:15:00,14:15:00,2024-01-16
504,Coding Workshop,Exhibition,Los Angeles,08:45:00,11:45:00,2023-05-20
505,Art Exhibition,Class,Miami,10:00:00,11:00:00,2023-07-09
506,Music Concert,Festival,Denver,12:45:00,13:45:00,2024-12-10
507,Music Concert,Concert,Seattle,13:00:00,15:00:00,2023-05-21
508,Science Fair,Conference,Chicago,13:00:00,18:00:00,2024-03-23
509,Yoga Class,Conference,Miami,09:00:00,11:00:00,2025-05-25
510,Coding Workshop,Workshop,Seattle,14:45:00,15:45:00,2025-07-11
511,Yoga Class,Class,Boston,09:30:00,12:30:00,2025-11-11
512,Comedy Night,Exhibition,Denver,09:15:00,10:15:00,2025-07-10
513,Yoga Class,Show,Boston,15:15:00,19:15:00,2024-05-09
514,Science Fair,Workshop,Miami,12:00:00,15:00:00,2024-01-07
515,Comedy Night,Workshop,Los Angeles,13:15:00,17:15:00,2024-02-18
516,Food Festival,Festival,New York,08:15:00,09:15:00,2024-09-23
517,Film Screening,Festival,Boston,13:15:00,15:15:00,2025-01-20
518,Art Exhibition,Screening,Seattle,13:45:00,15:45:00,2025-03-26
519,Tech Talk,Exhibition,Los Angeles,14:45:00,19:45:00,2023-11-01
520,Yoga Class,Concert,Los Angeles,18:00:00,20:00:00,2025-07-03
521,Food Festival,Exhibition,Chicago,17:45:00,20:45:00,2025-04-19
522,Music Concert,Fair,Chicago,13:15:00,17:15:00,2025-10-19
523,Tech Talk,Exhibition,Miami,16:15:00,20:15:00,2024-10-18
524,Science Fair,Exhibition,Houston,11:00:00,16:00:00,2024-10-02
525,Music Concert,Show,Houston,12:15:00,16:15:00,2023-08-30
526,Film Screening,Class,New York,11:30:00,16:30:00,2025-06-02
527,Book Launch,Show,Denver,14:15:00,16:15:00,2023-04-10
528,Food Festival,Workshop,Chicago,17:15:00,22:15:00,2024-09-24
529,Book Launch,Festival,Boston,11:45:00,15:45:00,2024-09-26
530,Music Concert,Fair,Houston,09:15:00,14:15:00,2024-06-29
531,Book Launch,Screening,Miami,17:00:00,21:00:00,2024-11-15
532,Comedy Night,Launch,Houston,16:00:00,18:00:00,2025-02-12
533,Coding Workshop,Fair,Chicago,12:15:00,16:15:00,2024-01-15
534,Comedy Night,Show,Austin,12:15:00,16:15:00,2024-08-27
535,Tech Talk,Fair,New York,17:30:00,18:30:00,2023-04-14
536,Food Festival,Conference,Chicago,13:45:00,15:45:00,2023-12-23
537,Film Screening,Launch,Los Angeles,09:00:00,12:00:00,2025-12-22
538,Film Screening,Fair,Miami,17:30:00,18:30:00,2024-10-20
539,Music Concert,Conference,San Francisco,14:15:00,18:15:00,2024-08-18
540,Science Fair,Launch,Denver,14:15:00,19:15:00,2023-08-05
541,Music Concert,Conference,Chicago,09:00:00,13:00:00,2024-12-14
542,Coding Workshop,Conference,Boston,18:15:00,23:15:00,2023-03-03
543,Coding Workshop,Launch,San Francisco,17:30:00,20:30:00,2024-06-26
544,Book Launch,Workshop,Los Angeles,14:30:00,19:30:00,2024-08-12
545,Art Exhibition,Show,Houston,11:15:00,13:15:00,2024-04-03
546,Yoga Class,Class,Houston,16:45:00,17:45:00,2024-06-11
547,Coding Workshop,Fair,Denver,18:30:00,21:30:00,2025-07-11
548,Food Festival,Screening,Miami,16:30:00,18:30:00,2024-08-31
549,Film Screening,Class,Chicago,18:15:00,22:15:00,2023-03-11
550,Food Festival,Conference,San Francisco,11:15:00,12:15:00,2023-12-29
551,Book Launch,Class,San Francisco,09:30:00,13:30:00,2025-08-09
552,Art Exhibition,Concert,Austin,09:30:00,14:30:00,2023-09-15
553,Coding Workshop,Class,Los Angeles,12:15:00,13:15:00,2024-10-14
554,Food Festival,Screening,Denver,17:45:00,22:45:00,2024-01-12
555,Tech Talk,Workshop,Houston,11:45:00,12:45:00,2024-03-01
556,Film Screening,Fair,New York,08:15:00,12:15:00,2025-06-02
557,Tech Talk,Screening,Austin,08:30:00,13:30:00,2024-11-20
558,Comedy Night,Fair,Seattle,10:15:00,14:15:00,2025-03-10
559,Coding Workshop,Concert,Chicago,12:15:00,17:15:00,2025-12-31
560,Yoga Class,Exhibition,San Francisco,17:30:00,21:30:00,2024-11-18
561,Comedy Night,Screening,New York,18:15:00,21:15:00,2025-08-10
562,Music Concert,Screening,San Francisco,08:45:00,09:45:00,2025-08-15
563,Tech Talk,Launch,Seattle,18:45:00,23:45:00,2023-01-22
564,Yoga Class,Fair,Chicago,16:45:00,20:45:00,2023-11-12
565,Coding Workshop,Workshop,Boston,18:45:00,21:45:00,2023-08-09
566,Book Launch,Exhibition,Miami,11:15:00,15:15:00,2025-07-17
567,Film Screening,Conference,Houston,16:30:00,21:30:00,2023-09-01
568,Music Concert,Concert,Houston,17:00:00,18:00:00,2025-11-15
569,Tech Talk,Show,Austin,13:45:00,17:45:00,2024-09-09
570,Film Screening,Concert,Los Angeles,10:30:00,15:30:00,2024-08-05
571,Film Screening,Festival,Austin,15:00:00,16:00:00,2025-09-23
572,Science Fair,Screening,Chicago,13:30:00,17:30:00,2025-02-15
573,Music Concert,Conference,Miami,10:30:00,14:30:00,2025-04-18
574,Science Fair,Concert,Miami,13:00:00,17:00:00,2023-11-05
575,Book Launch,Workshop,Austin,10:15:00,13:15:00,2024-12-20
576,Comedy Night,Launch,Seattle,18:30:00,20:30:00,2024-08-07
577,Food Festival,Fair,Los Angeles,18:45:00,20:45:00,2024-11-04
578,Art Exhibition,Show,Houston,09:00:00,11:00:00,2024-03-05
579,Film Screening,Show,Seattle,16:00:00,18:00:00,2025-07-16
580,Film Screening,Class,Austin,14:15:00,19:15:00,2023-02-08
581,Yoga Class,Workshop,Boston,09:30:00,13:30:00,2024-11-05
582,Coding Workshop,Workshop,Houston,10:30:00,14:30:00,2024-10-01
583,Science Fair,Festival,Denver,14:00:00,19:00:00,2024-04-01
584,Science Fair,Screening,Seattle,09:30:00,11:30:00,2024-03-22
585,Book Launch,Workshop,Houston,16:15:00,21:15:00,2025-09-03
586,Comedy Night,Festival,San Francisco,15:30:00,17:30:00,2024-09-02
587,Tech Talk,Festival,Houston,09:30:00,10:30:00,2023-08-27
588,Music Concert,Fair,San Francisco,09:45:00,10:45:00,2025-06-26
589,Tech Talk,Workshop,Los Angeles,08:45:00,12:45:00,2024-08-30
590,Art Exhibition,Screening,San Francisco,10:00:00,12:00:00,2025-05-06
591,Book Launch,Concert,Chicago,17:45:00,20:45:00,2024-03-22
592,Food Festival,Fair,Los Angeles,13:15:00,17:15:00,2023-12-15
593,Coding Workshop,Fair,Boston,13:45:00,15:45:00,2024-06-19
594,Film Screening,Workshop,Houston,10:30:00,15:30:00,2023-02-05
595,Comedy Night,Show,Denver,09:45:00,13:45:00,2024-10-16
596,Tech Talk,Show,Chicago,15:15:00,19:15:00,2024-06-09
597,Yoga Class,Show,Miami,15:00:00,19:00:00,2025-03-24
598,Food Festival,Screening,Austin,11:00:00,15:00:00,2023-11-13
599,Music Concert,Exhibition,Seattle,13:15:00,15:15:00,2025-05-31
600,Comedy Night,Class,Los Angeles,09:15:00,11:15:00,2025-01-03
601,Coding Workshop,Launch,Austin,14:15:00,15:15:00,2025-02-24
602,Film Screening,Launch,New York,16:15:00,17:15:00,2024-12-04
603,Film Screening,Concert,San Francisco,14:30:00,17:30:00,2023-08-20
604,Book Launch,Fair,Seattle,15:00:00,18:00:00,2025-05-12
605,Art Exhibition,Show,Denver,14:15:00,19:15:00,2025-04-11
606,Book Launch,Fair,Los Angeles,15:30:00,20:30:00,2023-10-26
607,Science Fair,Workshop,Boston,15:45:00,19:45:00,2023-01-16
608,Food Festival,Class,Los Angeles,09:45:00,13:45:00,2024-01-29
609,Tech Talk,Class,Boston,18:00:00,23:00:00,2023-02-05
610,Food Festival,Class,Chicago,16:00:00,17:00:00,2025-06-12
611,Coding Workshop,Screening,Denver,18:00:00,23:00:00,2025-01-16
612,Science Fair,Conference,Boston,08:30:00,09:30:00,2025-03-29
613,Tech Talk,Exhibition,Denver,18:45:00,21:45:00,2025-04-03
614,Art Exhibition,Screening,Austin,10:00:00,12:00:00,2023-08-20
615,Science Fair,Festival,Houston,15:30:00,20:30:00,2025-08-29
616,Food Festival,Launch,Denver,09:15:00,13:15:00,2023-01-20
617,Film Screening,Concert,Chicago,11:15:00,15:15:00,2025-05-04
618,Coding Workshop,Festival,Houston,15:15:00,18:15:00,2025-07-11
619,Book Launch,Festival,Miami,14:30:00,16:30:00,2023-03-03
620,Comedy Night,Launch,Houston,17:30:00,22:30:00,2025-10-23
621,Coding Workshop,Workshop,Boston,16:15:00,19:15:00,2025-05-01
622,Food Festival,Fair,Houston,16:15:00,19:15:00,2023-05-31
623,Coding Workshop,Festival,Chicago,13:15:00,15:15:00,2023-09-01
624,Food Festival,Workshop,Boston,13:45:00,16:45:00,2025-05-15
625,Coding Workshop,Festival,Austin,08:30:00,09:30:00,2023-06-06
626,Food Festival,Screening,Miami,11:30:00,13:30:00,2025-04-10
627,Art Exhibition,Workshop,Chicago,18:30:00,22:30:00,2025-03-31
628,Music Concert,Concert,Denver,11:15:00,13:15:00,2024-10-20
629,Food Festival,Screening,Chicago,18:15:00,21:15:00,2023-11-24
630,Yoga Class,Exhibition,New York,16:45:00,21:45:00,2024-12-29
631,Yoga Class,Fair,Boston,08:45:00,09:45:00,2023-12-13
632,Tech Talk,Screening,Denver,17:00:00,19:00:00,2025-01-10
633,Coding Workshop,Show,New York,09:45:00,13:45:00,2024-06-10
634,Music Concert,Exhibition,Houston,17:00:00,21:00:00,2025-06-13
635,Film Screening,Screening,Chicago,18:15:00,19:15:00,2025-04-12
636,Art Exhibition,Festival,Chicago,09:30:00,12:30:00,2025-07-17
637,Science Fair,Class,Seattle,12:00:00,17:00:00,2023-11-19
638,Food Festival,Show,New York,10:15:00,13:15:00,2023-09-07
639,Yoga Class,Launch,Austin,11:30:00,14:30:00,2023-05-10
640,Book Launch,Festival,Seattle,13:00:00,14:00:00,2025-10-12
641,Tech Talk,Fair,New York,09:30:00,10:30:00,2023-06-26
642,Tech Talk,Show,Seattle,16:15:00,18:15:00,2024-01-20
643,Book Launch,Class,Houston,13:00:00,18:00:00,2023-04-15
644,Tech Talk,Class,Chicago,08:00:00,09:00:00,2024-06-17
645,Science Fair,Exhibition,Austin,13:00:00,14:00:00,2025-04-18
646,Science Fair,Fair,Chicago,08:00:00,12:00:00,2025-01-03
647,Art Exhibition,Exhibition,Seattle,09:00:00,14:00:00,2023-06-10
648,Book Launch,Concert,Boston,10:00:00,12:00:00,2024-11-14
649,Yoga Class,Workshop,New York,14:15:00,18:15:00,2024-06-29
650,Music Concert,Screening,New York,10:45:00,13:45:00,2024-02-28
651,Film Screening,Conference,Los Angeles,17:30:00,18:30:00,2025-06-03
652,Tech Talk,Workshop,Chicago,08:45:00,09:45:00,2023-10-01
653,Film Screening,Show,Boston,15:15:00,17:15:00,2023-08-02
654,Food Festival,Launch,Chicago,10:30:00,13:30:00,2025-01-19
655,Yoga Class,Launch,San Francisco,12:15:00,13:15:00,2023-08-21
656,Coding Workshop,Launch,Miami,15:45:00,20:45:00,2025-04-14
657,Film Screening,Show,Chicago,08:45:00,13:45:00,2024-10-06
658,Book Launch,Launch,Austin,17:15:00,18:15:00,2024-08-06
659,Food Festival,Exhibition,Denver,13:15:00,18:15:00,2023-04-27
660,Book Launch,Conference,Seattle,14:00:00,18:00:00,2023-08-30
661,Coding Workshop,Fair,San Francisco,14:00:00,19:00:00,2025-04-05
662,Coding Workshop,Fair,Denver,11:00:00,14:00:00,2025-08-06
663,Tech Talk,Launch,Boston,12:45:00,15:45:00,2025-01-28
664,Tech Talk,Class,New York,12:45:00,13:45:00,2023-07-02
665,Coding Workshop,Screening,San Francisco,15:30:00,20:30:00,2023-06-29
666,Film Screening,Class,Austin,16:45:00,17:45:00,2025-11-05
667,Yoga Class,Exhibition,Houston,12:00:00,14:00:00,2023-04-16
668,Science Fair,Festival,Houston,13:45:00,18:45:00,2023-08-09
669,Food Festival,Exhibition,Miami,09:00:00,14:00:00,2025-11-28
670,Art Exhibition,Screening,San Francisco,16:00:00,18:00:00,2025-11-22
671,Comedy Night,Class,Miami,17:15:00,19:15:00,2025-06-29
672,Book Launch,Workshop,New York,10:00:00,13:00:00,2024-02-04
673,Film Screening,Launch,San Francisco,11:00:00,12:00:00,2023-05-28
674,Food Festival,Conference,Los Angeles,15:00:00,16:00:00,2023-06-10
675,Music Concert,Exhibition,Los Angeles,09:45:00,14:45:00,2024-05-08
676,Art Exhibition,Festival,San Francisco,17:00:00,21:00:00,2024-09-24
677,Film Screening,Workshop,Houston,10:15:00,15:15:00,2025-10-15
678,Food Festival,Fair,San Francisco,15:00:00,16:00:00,2023-09-29
679,Film Screening,Show,Boston,12:45:00,15:45:00,2025-01-12
680,Film Screening,Fair,Austin,08:30:00,09:30:00,2025-11-15
681,Tech Talk,Conference,Chicago,16:30:00,19:30:00,2024-06-24
682,Music Concert,Conference,Boston,12:15:00,14:15:00,2023-03-05
683,Science Fair,Exhibition,New York,09:45:00,14:45:00,2025-08-03
684,Coding Workshop,Screening,Boston,17:15:00,19:15:00,2025-04-12
685,Book Launch,Workshop,Denver,11:00:00,15:00:00,2023-03-10
686,Music Concert,Festival,Chicago,16:30:00,21:30:00,2023-09-13
687,Music Concert,Class,Miami,13:00:00,16:00:00,2023-07-09
688,Film Screening,Festival,Denver,13:45:00,14:45:00,2025-06-13
689,Comedy Night,Class,San Francisco,10:45:00,13:45:00,2024-10-11
690,Comedy Night,Screening,Seattle,16:00:00,20:00:00,2023-12-27
691,Tech Talk,Workshop,Chicago,18:45:00,23:45:00,2024-02-18
692,Yoga Class,Class,Seattle,14:15:00,17:15:00,2025-12-19
693,Film Screening,Concert,Los Angeles,08:45:00,13:45:00,2025-01-24
694,Book Launch,Fair,Miami,15:15:00,19:15:00,2024-01-13
695,Film Screening,Conference,Austin,14:15:00,16:15:00,2025-11-20
696,Film Screening,Class,Boston,11:15:00,13:15:00,2025-04-09
697,Coding Workshop,Screening,Denver,16:30:00,17:30:00,2023-09-03
698,Yoga Class,Launch,Houston,17:00:00,21:00:00,2024-01-17
699,Art Exhibition,Launch,Denver,10:30:00,12:30:00,2023-07-30
700,Art Exhibition,Workshop,San Francisco,13:30:00,18:30:00,2023-11-04
701,Book Launch,Fair,San Francisco,13:30:00,17:30:00,2023-10-12
702,Yoga Class,Screening,Chicago,15:45:00,19:45:00,2023-10-16
703,Comedy Night,Launch,Boston,15:15:00,18:15:00,2025-10-11
704,Music Concert,Fair,Houston,12:00:00,14:00:00,2023-09-29
705,Music Concert,Launch,Chicago,11:30:00,12:30:00,2024-11-20
706,Coding Workshop,Conference,Houston,15:30:00,18:30:00,2023-07-06
707,Book Launch,Workshop,San Francisco,08:00:00,09:00:00,2024-05-28
708,Film Screening,Conference,New York,16:00:00,20:00:00,2025-10-23
709,Art Exhibition,Show,Houston,10:30:00,14:30:00,2025-01-12
710,Film Screening,Festival,New York,10:45:00,11:45:00,2023-02-11
711,Yoga Class,Festival,Boston,16:45:00,18:45:00,2024-04-24
712,Book Launch,Festival,Denver,09:30:00,10:30:00,2025-05-01
713,Music Concert,Fair,Chicago,13:30:00,15:30:00,2024-02-19
714,Comedy Night,Exhibition,San Francisco,15:30:00,16:30:00,2025-10-12
715,Music Concert,Launch,Seattle,13:00:00,18:00:00,2025-08-09
716,Tech Talk,Fair,Houston,08:15:00,11:15:00,2025-10-10
717,Food Festival,Conference,Denver,14:30:00,15:30:00,2023-04-08
718,Yoga Class,Screening,Miami,18:45:00,21:45:00,2024-10-21
719,Book Launch,Festival,San Francisco,15:30:00,17:30:00,2025-12-22
720,Art Exhibition,Conference,Los Angeles,08:30:00,13:30:00,2023-06-08
721,Art Exhibition,Launch,Denver,11:00:00,14:00:00,2024-11-21
722,Music Concert,Workshop,San Francisco,08:30:00,10:30:00,2023-12-14
723,Film Screening,Launch,Denver,16:30:00,19:30:00,2025-01-21
724,Film Screening,Concert,Houston,18:30:00,20:30:00,2023-01-22
725,Film Screening,Launch,San Francisco,13:45:00,17:45:00,2025-10-05
726,Yoga Class,Fair,Chicago,11:00:00,14:00:00,2025-06-05
727,Science Fair,Conference,Boston,17:30:00,22:30:00,2023-02-08
728,Food Festival,Show,Denver,16:00:00,18:00:00,2023-01-14
729,Yoga Class,Conference,Denver,10:00:00,15:00:00,2023-03-02
730,Comedy Night,Festival,Los Angeles,09:30:00,10:30:00,2023-09-25
731,Film Screening,Screening,New York,13:15:00,14:15:00,2025-06-16
732,Art Exhibition,Class,Los Angeles,13:00:00,15:00:00,2024-09-03
733,Food Festival,Workshop,Miami,12:45:00,13:45:00,2023-07-02
734,Music Concert,Concert,Houston,08:00:00,12:00:00,2023-08-16
735,Food Festival,Show,Chicago,09:45:00,13:45:00,2024-02-23
736,Tech Talk,Concert,Los Angeles,08:45:00,10:45:00,2025-09-16
737,Science Fair,Workshop,Los Angeles,09:15:00,12:15:00,2023-12-04
738,Book Launch,Exhibition,San Francisco,18:15:00,22:15:00,2023-07-10
739,Science Fair,Show,Austin,18:30:00,23:30:00,2025-09-25
740,Coding Workshop,Concert,Boston,18:15:00,22:15:00,2024-12-15
741,Food Festival,Workshop,Denver,18:30:00,20:30:00,2025-04-28
742,Film Screening,Screening,Austin,10:45:00,11:45:00,2025-09-22
743,Coding Workshop,Class,Chicago,18:15:00,20:15:00,2023-12-16
744,Comedy Night,Concert,Chicago,12:15:00,15:15:00,2025-11-06
745,Art Exhibition,Concert,Boston,16:15:00,18:15:00,2025-02-05
746,Art Exhibition,Concert,New York,15:15:00,20:15:00,2025-02-14
747,Tech Talk,Festival,San Francisco,13:15:00,14:15:00,2025-06-14
748,Science Fair,Conference,Seattle,10:15:00,13:15:00,2023-08-21
749,Science Fair,Fair,San Francisco,08:15:00,12:15:00,2025-08-03
750,Yoga Class,Fair,Boston,17:15:00,20:15:00,2025-01-01
751,Food Festival,Show,Austin,15:00:00,20:00:00,2025-09-23
752,Coding Workshop,Class,Denver,18:30:00,23:30:00,2024-01-20
753,Tech Talk,Screening,Seattle,09:30:00,11:30:00,2023-11-21
754,Book Launch,Screening,Austin,08:45:00,10:45:00,2023-06-29
755,Tech Talk,Screening,Austin,18:00:00,23:00:00,2025-11-28
756,Film Screening,Workshop,Seattle,13:45:00,18:45:00,2025-12-14
757,Coding Workshop,Conference,Houston,18:45:00,22:45:00,2023-11-05
758,Comedy Night,Workshop,Chicago,15:00:00,20:00:00,2024-05-31
759,Yoga Class,Workshop,Los Angeles,14:00:00,19:00:00,2025-07-08
760,Art Exhibition,Class,Houston,14:30:00,16:30:00,2025-09-27
761,Film Screening,Screening,Boston,12:45:00,13:45:00,2025-07-15
762,Book Launch,Concert,New York,14:45:00,17:45:00,2023-06-09
763,Book Launch,Conference,New York,11:00:00,14:00:00,2023-11-17
764,Art Exhibition,Workshop,Boston,18:30:00,20:30:00,2024-02-13
765,Yoga Class,Concert,Los Angeles,12:45:00,16:45:00,2024-11-18
766,Music Concert,Screening,Boston,17:15:00,19:15:00,2024-10-19
767,Comedy Night,Screening,Boston,10:30:00,14:30:00,2024-01-01
768,Yoga Class,Festival,Miami,13:45:00,18:45:00,2023-07-01
769,Science Fair,Exhibition,Chicago,10:15:00,11:15:00,2025-10-28
770,Tech Talk,Concert,Miami,08:00:00,10:00:00,2023-02-04
771,Music Concert,Show,Miami,11:00:00,14:00:00,2025-12-09
772,Book Launch,Conference,San Francisco,14:15:00,17:15:00,2025-08-15
773,Tech Talk,Conference,Los Angeles,10:15:00,14:15:00,2023-10-30
774,Art Exhibition,Concert,Denver,10:30:00,14:30:00,2023-02-06
775,Book Launch,Class,New York,15:00:00,18:00:00,2023-02-21
776,Yoga Class,Concert,Boston,18:00:00,22:00:00,2025-11-06
777,Coding Workshop,Class,Boston,12:30:00,14:30:00,2023-10-16
778,Book Launch,Show,San Francisco,13:15:00,18:15:00,2024-03-18
779,Yoga Class,Exhibition,Houston,08:30:00,12:30:00,2025-09-07
780,Comedy Night,Show,San Francisco,17:15:00,22:15:00,2023-12-14
781,Art Exhibition,Festival,Austin,13:15:00,16:15:00,2024-10-28
782,Tech Talk,Festival,Los Angeles,10:45:00,12:45:00,2023-10-27
783,Comedy Night,Concert,Seattle,12:30:00,15:30:00,2024-12-23
784,Music Concert,Exhibition,Denver,18:15:00,19:15:00,2024-04-17
785,Music Concert,Exhibition,Boston,16:45:00,20:45:00,2024-07-24
786,Yoga Class,Class,Chicago,12:00:00,13:00:00,2024-08-24
787,Science Fair,Launch,New York,10:30:00,14:30:00,2024-07-29
788,Film Screening,Class,New York,14:30:00,18:30:00,2023-03-21
789,Book Launch,Conference,Chicago,14:30:00,15:30:00,2025-12-18
790,Science Fair,Concert,San Francisco,08:15:00,11:15:00,2024-11-12
791,Tech Talk,Fair,Austin,18:45:00,19:45:00,2025-08-19
792,Film Screening,Exhibition,San Francisco,14:30:00,18:30:00,2023-05-30
793,Tech Talk,Concert,Miami,18:15:00,21:15:00,2023-05-01
794,Art Exhibition,Concert,Houston,16:30:00,19:30:00,2025-01-21
795,Film Screening,Class,Miami,18:30:00,19:30:00,2025-07-15
796,Comedy Night,Workshop,San Francisco,13:00:00,16:00:00,2024-04-18
797,Art Exhibition,Workshop,Denver,16:45:00,17:45:00,2024-01-21
798,Science Fair,Class,Los Angeles,14:30:00,17:30:00,2025-11-21
799,Film Screening,Launch,Miami,17:15:00,18:15:00,2024-07-03
800,Food Festival,Screening,Austin,10:30:00,13:30:00,2025-12-14
801,Tech Talk,Exhibition,Los Angeles,10:00:00,14:00:00,2025-03-01
802,Tech Talk,Launch,Miami,11:45:00,14:45:00,2024-10-26
803,Art Exhibition,Class,Austin,10:15:00,13:15:00,2025-04-08
804,Coding Workshop,Festival,New York,18:15:00,19:15:00,2023-08-31
805,Art Exhibition,Workshop,Austin,17:30:00,22:30:00,2023-12-28
806,Science Fair,Launch,Chicago,09:30:00,11:30:00,2025-05-25
807,Film Screening,Screening,Boston,10:45:00,14:45:00,2023-10-25
808,Yoga Class,Exhibition,Los Angeles,16:00:00,17:00:00,2023-03-16
809,Food Festival,Fair,Austin,10:15:00,14:15:00,2024-12-07
810,Food Festival,Launch,Austin,18:30:00,21:30:00,2025-03-03
811,Coding Workshop,Fair,New York,14:15:00,16:15:00,2025-02-18
812,Music Concert,Class,New York,14:45:00,18:45:00,2023-10-20
813,Coding Workshop,Class,New York,17:00:00,20:00:00,2025-03-28
814,Coding Workshop,Screening,New York,09:00:00,11:00:00,2025-07-13
815,Film Screening,Launch,Houston,09:45:00,10:45:00,2025-05-18
816,Food Festival,Screening,San Francisco,15:30:00,18:30:00,2023-07-17
817,Film Screening,Launch,New York,12:00:00,13:00:00,2025-06-25
818,Comedy Night,Fair,Denver,15:45:00,16:45:00,2024-06-08
819,Yoga Class,Concert,Austin,08:30:00,11:30:00,2023-09-07
820,Yoga Class,Conference,Los Angeles,15:00:00,16:00:00,2024-09-29
821,Art Exhibition,Screening,Seattle,15:00:00,19:00:00,2024-12-12
822,Art Exhibition,Conference,Houston,15:30:00,20:30:00,2024-04-22
823,Film Screening,Screening,Chicago,13:45:00,18:45:00,2025-08-16
824,Comedy Night,Exhibition,Seattle,15:15:00,18:15:00,2023-02-25
825,Music Concert,Show,Los Angeles,09:00:00,11:00:00,2025-04-08
826,Book Launch,Launch,Boston,10:15:00,11:15:00,2025-03-17
827,Coding Workshop,Fair,Denver,11:45:00,12:45:00,2024-03-08
828,Food Festival,Festival,New York,14:15:00,15:15:00,2023-04-24
829,Music Concert,Screening,Seattle,11:15:00,14:15:00,2025-12-22
830,Comedy Night,Conference,San Francisco,15:30:00,17:30:00,2025-04-07
831,Coding Workshop,Conference,Denver,16:00:00,18:00:00,2025-04-21
832,Science Fair,Workshop,Denver,11:30:00,16:30:00,2023-10-05
833,Yoga Class,Festival,Denver,13:15:00,15:15:00,2025-03-02
834,Yoga Class,Class,New York,11:30:00,12:30:00,2023-12-24
835,Art Exhibition,Class,New York,10:15:00,11:15:00,2025-10-29
836,Science Fair,Exhibition,Los Angeles,18:00:00,23:00:00,2024-04-08
837,Film Screening,Workshop,Denver,08:45:00,13:45:00,2024-11-18
838,Music Concert,Conference,Chicago,11:00:00,14:00:00,2024-07-11
839,Music Concert,Fair,Boston,14:30:00,17:30:00,2023-10-27
840,Book Launch,Fair,Los Angeles,16:00:00,18:00:00,2023-07-26
841,Coding Workshop,Launch,San Francisco,13:30:00,15:30:00,2023-10-20
842,Science Fair,Conference,San Francisco,14:45:00,19:45:00,2023-05-11
843,Yoga Class,Fair,Austin,12:30:00,17:30:00,2025-12-13
844,Art Exhibition,Class,Los Angeles,12:00:00,13:00:00,2024-02-14
845,Book Launch,Exhibition,Seattle,14:30:00,15:30:00,2025-11-03
846,Book Launch,Show,Miami,14:15:00,18:15:00,2024-03-29
847,Science Fair,Fair,Seattle,08:00:00,13:00:00,2024-08-10
848,Comedy Night,Launch,New York,17:30:00,22:30:00,2025-12-29
849,Music Concert,Festival,Miami,09:45:00,13:45:00,2023-05-05
850,Tech Talk,Show,Miami,13:30:00,17:30:00,2025-07-22
851,Film Screening,Class,San Francisco,11:45:00,16:45:00,2025-06-10
852,Film Screening,Exhibition,San Francisco,14:30:00,15:30:00,2025-09-01
853,Tech Talk,Screening,San Francisco,10:00:00,11:00:00,2024-03-16
854,Tech Talk,Workshop,Boston,16:45:00,18:45:00,2025-11-04
855,Music Concert,Class,Seattle,13:00:00,16:00:00,2025-07-26
856,Book Launch,Screening,Los Angeles,18:00:00,20:00:00,2023-09-22
857,Yoga Class,Workshop,Boston,12:30:00,13:30:00,2025-07-21
858,Film Screening,Concert,Miami,12:15:00,14:15:00,2025-07-30
859,Comedy Night,Festival,New York,12:45:00,13:45:00,2024-07-27
860,Art Exhibition,Conference,San Francisco,10:30:00,15:30:00,2024-02-25
861,Film Screening,Festival,New York,08:30:00,09:30:00,2024-08-05
862,Music Concert,Show,San Francisco,09:00:00,14:00:00,2023-09-13
863,Film Screening,Class,Houston,18:00:00,20:00:00,2024-12-08
864,Music Concert,Show,Miami,12:15:00,16:15:00,2023-06-22
865,Coding Workshop,Festival,New York,14:45:00,15:45:00,2023-01-06
866,Coding Workshop,Show,Chicago,16:00:00,20:00:00,2025-05-16
867,Yoga Class,Workshop,Chicago,16:15:00,18:15:00,2024-04-11
868,Film Screening,Screening,Houston,14:45:00,15:45:00,2023-02-25
869,Science Fair,Concert,San Francisco,15:30:00,18:30:00,2025-10-04
870,Yoga Class,Workshop,Chicago,13:15:00,18:15:00,2024-02-29
871,Music Concert,Fair,Houston,10:00:00,15:00:00,2023-11-18
872,Film Screening,Class,Los Angeles,17:00:00,18:00:00,2024-03-16
873,Science Fair,Workshop,Denver,17:15:00,21:15:00,2025-01-16
874,Comedy Night,Screening,Houston,18:30:00,22:30:00,2023-04-29
875,Food Festival,Class,Austin,15:00:00,20:00:00,2025-09-22
876,Art Exhibition,Festival,Houston,12:00:00,13:00:00,2023-11-07
877,Art Exhibition,Concert,Austin,15:45:00,17:45:00,2023-11-05
878,Food Festival,Concert,Los Angeles,16:45:00,21:45:00,2023-10-28
879,Comedy Night,Screening,Denver,16:00:00,20:00:00,2023-11-03
880,Film Screening,Conference,San Francisco,09:45:00,10:45:00,2025-10-22
881,Tech Talk,Concert,New York,13:00:00,18:00:00,2025-02-18
882,Film Screening,Fair,New York,16:45:00,17:45:00,2023-02-17
883,Yoga Class,Class,San Francisco,17:30:00,18:30:00,2024-03-21
884,Food Festival,Class,Miami,11:15:00,13:15:00,2023-09-03
885,Music Concert,Screening,Seattle,08:15:00,10:15:00,2025-03-09
886,Film Screening,Show,San Francisco,17:15:00,18:15:00,2023-08-13
887,Music Concert,Festival,Austin,17:15:00,22:15:00,2024-03-16
888,Food Festival,Conference,Denver,10:30:00,12:30:00,2025-07-08
889,Coding Workshop,Launch,New York,17:00:00,19:00:00,2025-01-09
890,Music Concert,Screening,New York,13:45:00,17:45:00,2025-07-10
891,Music Concert,Concert,Boston,11:30:00,14:30:00,2025-04-08
892,Science Fair,Festival,Chicago,17:30:00,18:30:00,2024-09-29
893,Film Screening,Screening,Boston,17:30:00,22:30:00,2024-09-10
894,Art Exhibition,Conference,Houston,18:15:00,20:15:00,2025-01-22
895,Food Festival,Exhibition,Seattle,18:45:00,19:45:00,2024-01-22
896,Science Fair,Show,Los Angeles,12:15:00,17:15:00,2023-09-21
897,Science Fair,Festival,Boston,14:15:00,16:15:00,2025-03-12
898,Book Launch,Show,New York,11:45:00,15:45:00,2025-02-13
899,Comedy Night,Conference,Seattle,08:30:00,12:30:00,2024-04-30
900,Food Festival,Class,Chicago,08:45:00,13:45:00,2023-06-18
901,Music Concert,Workshop,Boston,18:45:00,21:45:00,2023-04-28
902,Food Festival,Festival,Seattle,18:15:00,19:15:00,2024-08-11
903,Food Festival,Fair,Denver,11:15:00,12:15:00,2025-01-31
904,Music Concert,Festival,New York,09:45:00,10:45:00,2025-08-06
905,Yoga Class,Festival,Chicago,11:15:00,15:15:00,2023-06-11
906,Food Festival,Screening,San Francisco,10:15:00,12:15:00,2025-07-16
907,Music Concert,Concert,Los Angeles,15:15:00,17:15:00,2023-09-19
908,Music Concert,Exhibition,Seattle,14:15:00,18:15:00,2023-05-11
909,Coding Workshop,Show,Los Angeles,17:00:00,20:00:00,2023-04-06
910,Film Screening,Class,Miami,08:30:00,13:30:00,2023-06-12
911,Coding Workshop,Workshop,Los Angeles,08:00:00,13:00:00,2025-11-29
912,Comedy Night,Festival,San Francisco,11:45:00,13:45:00,2025-05-08
913,Film Screening,Launch,Denver,08:30:00,13:30:00,2025-06-29
914,Comedy Night,Class,Denver,09:00:00,12:00:00,2024-05-20
915,Science Fair,Screening,New York,12:30:00,16:30:00,2023-11-11
916,Yoga Class,Fair,Seattle,14:30:00,17:30:00,2023-04-02
917,Book Launch,Conference,Boston,13:45:00,15:45:00,2023-08-01
918,Yoga Class,Exhibition,San Francisco,10:15:00,11:15:00,2025-03-07
919,Book Launch,Show,New York,10:30:00,14:30:00,2023-07-18
920,Science Fair,Concert,Miami,08:00:00,09:00:00,2025-04-19
921,Art Exhibition,Launch,Austin,11:45:00,16:45:00,2024-08-31
922,Food Festival,Festival,Chicago,11:45:00,12:45:00,2025-06-18
923,Food Festival,Exhibition,Austin,09:30:00,14:30:00,2024-02-15
924,Music Concert,Class,Boston,12:45:00,14:45:00,2024-04-06
925,Film Screening,Fair,Denver,10:00:00,15:00:00,2023-06-24
926,Food Festival,Class,Chicago,12:15:00,13:15:00,2024-03-25
927,Food Festival,Festival,Boston,15:30:00,19:30:00,2023-09-14
928,Music Concert,Exhibition,New York,12:30:00,14:30:00,2024-02-21
929,Tech Talk,Workshop,New York,15:30:00,20:30:00,2023-02-10
930,Yoga Class,Fair,Miami,18:45:00,19:45:00,2024-12-14
931,Book Launch,Conference,New York,18:45:00,22:45:00,2023-05-06
932,Book Launch,Workshop,Denver,09:15:00,14:15:00,2024-10-30
933,Book Launch,Fair,Austin,16:45:00,17:45:00,2025-08-21
934,Yoga Class,Workshop,Austin,13:30:00,14:30:00,2023-09-11
935,Comedy Night,Concert,Austin,18:15:00,23:15:00,2023-08-28
936,Music Concert,Conference,New York,14:15:00,17:15:00,2023-10-05
937,Yoga Class,Festival,Denver,18:30:00,22:30:00,2023-05-21
938,Science Fair,Show,Denver,15:15:00,19:15:00,2025-06-09
939,Film Screening,Fair,San Francisco,16:45:00,18:45:00,2023-11-27
940,Tech Talk,Launch,Boston,13:30:00,18:30:00,2024-04-10
941,Coding Workshop,Show,Houston,13:00:00,15:00:00,2023-04-21
942,Book Launch,Fair,Houston,16:15:00,17:15:00,2025-04-17
943,Book Launch,Exhibition,Houston,12:45:00,15:45:00,2025-12-27
944,Tech Talk,Workshop,Seattle,11:45:00,13:45:00,2025-02-03
945,Yoga Class,Conference,Miami,15:30:00,16:30:00,2025-08-31
946,Music Concert,Workshop,Denver,18:30:00,21:30:00,2023-12-28
947,Coding Workshop,Exhibition,Seattle,14:45:00,17:45:00,2024-05-30
948,Coding Workshop,Festival,Houston,09:30:00,13:30:00,2024-02-26
949,Tech Talk,Class,Denver,18:15:00,23:15:00,2024-08-20
950,Tech Talk,Screening,Chicago,13:30:00,16:30:00,2025-07-04
951,Yoga Class,Exhibition,Miami,14:45:00,18:45:00,2025-01-27
952,Book Launch,Exhibition,Chicago,13:45:00,14:45:00,2025-12-17
953,Music Concert,Exhibition,Los Angeles,17:45:00,20:45:00,2025-10-17
954,Science Fair,Concert,Houston,17:00:00,20:00:00,2025-09-03
955,Coding Workshop,Festival,Chicago,13:45:00,17:45:00,2025-10-06
956,Book Launch,Concert,Boston,11:15:00,15:15:00,2023-07-05
957,Art Exhibition,Exhibition,Austin,18:15:00,22:15:00,2025-03-28
958,Tech Talk,Festival,Miami,10:30:00,12:30:00,2023-01-08
959,Tech Talk,Workshop,Denver,13:45:00,15:45:00,2024-01-05
960,Book Launch,Fair,Los Angeles,18:30:00,21:30:00,2024-12-10
961,Book Launch,Workshop,Houston,08:15:00,13:15:00,2023-06-04
962,Book Launch,Festival,Boston,15:30:00,20:30:00,2025-05-28
963,Tech Talk,Festival,Boston,15:30:00,18:30:00,2024-09-01
964,Film Screening,Class,Austin,13:30:00,17:30:00,2025-02-18
965,Film Screening,Exhibition,Los Angeles,16:15:00,17:15:00,2023-03-16
966,Music Concert,Screening,Houston,17:00:00,18:00:00,2024-11-19
967,Art Exhibition,Conference,Los Angeles,10:00:00,14:00:00,2024-01-25
968,Comedy Night,Workshop,Los Angeles,13:15:00,18:15:00,2025-07-27
969,Food Festival,Concert,Boston,17:00:00,21:00:00,2024-03-08
970,Music Concert,Workshop,Los Angeles,09:15:00,12:15:00,2024-06-07
971,Music Concert,Class,Seattle,14:30:00,17:30:00,2024-11-05
972,Coding Workshop,Conference,Austin,18:30:00,21:30:00,2024-03-06
973,Yoga Class,Class,Miami,10:00:00,15:00:00,2025-02-01
974,Book Launch,Conference,San Francisco,11:30:00,14:30:00,2024-02-14
975,Food Festival,Fair,Denver,17:30:00,19:30:00,2023-07-15
976,Yoga Class,Fair,Austin,11:30:00,12:30:00,2024-11-04
977,Book Launch,Class,Los Angeles,17:30:00,20:30:00,2023-09-02
978,Art Exhibition,Conference,San Francisco,18:15:00,19:15:00,2025-08-31
979,Science Fair,Fair,Seattle,11:45:00,14:45:00,2025-12-15
980,Book Launch,Fair,San Francisco,17:30:00,21:30:00,2023-09-23
981,Yoga Class,Concert,San Francisco,11:00:00,14:00:00,2024-11-06
982,Coding Workshop,Exhibition,Houston,15:30:00,18:30:00,2025-08-06
983,Food Festival,Workshop,New York,17:00:00,18:00:00,2025-12-16
984,Film Screening,Conference,Seattle,13:45:00,17:45:00,2025-04-20
985,Food Festival,Launch,Seattle,13:30:00,16:30:00,2023-10-18
986,Yoga Class,Fair,New York,17:00:00,19:00:00,2025-10-28
987,Art Exhibition,Festival,Chicago,16:00:00,20:00:00,2023-09-18
988,Yoga Class,Exhibition,Austin,09:45:00,10:45:00,2024-12-18
989,Film Screening,Screening,Denver,13:15:00,16:15:00,2024-08-20
990,Book Launch,Class,San Francisco,09:00:00,10:00:00,2023-02-03
991,Food Festival,Show,Los Angeles,11:15:00,16:15:00,2023-03-18
992,Book Launch,Concert,San Francisco,14:45:00,19:45:00,2025-12-05
993,Book Launch,Show,Seattle,12:30:00,16:30:00,2023-05-28
994,Comedy Night,Fair,Denver,09:30:00,12:30:00,2025-10-29
995,Coding Workshop,Class,San Francisco,17:15:00,20:15:00,2024-09-03
996,Coding Workshop,Festival,Chicago,14:00:00,15:00:00,2024-05-18
997,Science Fair,Show,Chicago,17:45:00,20:45:00,2023-11-09
998,Comedy Night,Concert,San Francisco,16:30:00,17:30:00,2023-08-13
999,Book Launch,Fair,Austin,14:15:00,17:15:00,2023-06-02
1000,Comedy Night,Workshop,Boston,13:30:00,18:30:00,2024-12-04
